obs,time,deployment,conductivity,ctd_time,driver_timestamp,ingestion_timestamp,internal_timestamp,port_timestamp,preferred_timestamp,pressure,temperature,ctdmo_seawater_pressure,ctdmo_seawater_temperature,ctdmo_seawater_conductivity,practical_salinity,density,ctdmo_seawater_pressure_qc_executed,ctdmo_seawater_pressure_qc_results,ctdmo_seawater_temperature_qc_executed,ctdmo_seawater_temperature_qc_results,ctdmo_seawater_conductivity_qc_executed,ctdmo_seawater_conductivity_qc_results,density_qc_executed,density_qc_results,practical_salinity_qc_executed,practical_salinity_qc_results,lat,lon
2998,3710946151.0,4,372956,555272551,3718051866.55,3718051866.64,3710946151.0,0.0,internal_timestamp,10757,135638,499.383540776,3.5638,3.22956,34.8858990316,1030.06127523,29,29,29,29,29,29,29,29,29,29,59.9462,-39.4737
2999,3710946601.0,4,373474,555273001,3718051866.55,3718051866.64,3710946601.0,0.0,internal_timestamp,11385,135965,538.724218021,3.5965,3.23474,34.8920167648,1030.24407955,29,29,29,29,29,29,29,29,29,29,59.9462,-39.4737
3000,3710947051.0,4,372929,555273451,3718051866.55,3718051866.64,3710947051.0,0.0,internal_timestamp,16606,133934,865.790580913,3.3934,3.22929,34.8703271836,1031.75536814,29,29,29,29,29,29,29,29,29,29,59.9462,-39.4737
3001,3710947501.0,4,373147,555273901,3718051866.55,3718051866.64,3710947501.0,0.0,internal_timestamp,20138,133215,1087.05056822,3.3215,3.23147,34.8581897734,1032.76735633,29,29,29,29,29,29,29,29,29,29,59.9462,-39.4737
3002,3710947951.0,4,373864,555274351,3718051866.55,3718051866.64,3710947951.0,0.0,internal_timestamp,23335,133088,1287.3246847,3.3088,3.23864,34.8552941242,1033.67959154,29,29,29,29,29,29,29,29,29,29,59.9462,-39.4737
3003,3710948401.0,4,375956,555274801,3718051866.55,3718051866.64,3710948401.0,0.0,internal_timestamp,25707,134474,1435.91717901,3.4474,3.25956,34.8834858249,1034.35824412,29,29,29,29,29,29,29,29,29,29,59.9462,-39.4737
3004,3710948851.0,4,377305,555275251,3718051866.55,3718051866.64,3710948851.0,0.0,internal_timestamp,26653,135491,1495.17877244,3.5491,3.27305,34.9069158901,1034.63125341,29,29,29,29,29,13,29,29,29,29,59.9462,-39.4737
3005,3710949301.0,4,377479,555275701,3718051866.56,3718051866.64,3710949301.0,0.0,internal_timestamp,26911,135575,1511.3410252,3.5575,3.27479,34.9106964723,1034.70616583,29,29,29,29,29,13,29,29,29,29,59.9462,-39.4737
3006,3710949751.0,4,377593,555276151,3718051866.56,3718051866.64,3710949751.0,0.0,internal_timestamp,26975,135660,1515.35026619,3.566,3.27593,34.9132650327,1034.72514873,29,29,29,29,29,13,29,29,29,29,59.9462,-39.4737
3007,3710950201.0,4,377716,555276601,3718051866.56,3718051866.64,3710950201.0,0.0,internal_timestamp,27009,135774,1517.48017547,3.5774,3.27716,34.9147664359,1034.73439893,29,29,29,29,29,13,29,29,29,29,59.9462,-39.4737
3008,3710950651.0,4,377716,555277051,3718051866.56,3718051866.64,3710950651.0,0.0,internal_timestamp,27010,135767,1517.54281986,3.5767,3.27716,34.9154746224,1034.73533369,29,29,29,29,29,13,29,13,29,29,59.9462,-39.4737
3009,3710951101.0,4,377743,555277501,3718051866.56,3718051866.64,3710951101.0,0.0,internal_timestamp,27016,135790,1517.9186862,3.579,3.27743,34.9160629628,1034.73718029,29,29,29,29,29,13,29,13,29,29,59.9462,-39.4737
3010,3710951551.0,4,377830,555277951,3718051866.56,3718051866.64,3710951551.0,0.0,internal_timestamp,27017,135851,1517.98133059,3.5851,3.2783,34.9199098071,1034.73964964,29,29,29,29,29,13,29,13,29,29,59.9462,-39.4737
3011,3710952001.0,4,377857,555278401,3718051866.56,3718051866.64,3710952001.0,0.0,internal_timestamp,27009,135880,1517.48017547,3.588,3.27857,34.9202974128,1034.73729225,29,29,29,29,29,13,29,13,29,29,59.9462,-39.4737
3012,3710952451.0,4,377856,555278851,3718051866.56,3718051866.64,3710952451.0,0.0,internal_timestamp,27011,135877,1517.60546425,3.5877,3.27856,34.9204336749,1034.73800653,29,29,29,29,29,13,29,13,29,29,59.9462,-39.4737
3013,3710952901.0,4,377864,555279301,3718051866.56,3718051866.64,3710952901.0,0.0,internal_timestamp,27013,135883,1517.73075303,3.5883,3.27864,34.9206869502,1034.7386896,29,29,29,29,29,13,29,13,29,29,59.9462,-39.4737
3014,3710953351.0,4,377864,555279751,3718051866.56,3718051866.64,3710953351.0,0.0,internal_timestamp,27007,135883,1517.35488668,3.5883,3.27864,34.9208726981,1034.73713656,29,29,29,29,29,13,29,13,29,29,59.9462,-39.4737
3015,3710953801.0,4,377868,555280201,3718051866.56,3718051866.64,3710953801.0,0.0,internal_timestamp,27019,135885,1518.10661937,3.5885,3.27868,34.9207643895,1034.74042189,29,29,29,29,29,13,29,13,29,29,59.9462,-39.4737
3016,3710954251.0,4,377857,555280651,3718051866.56,3718051866.64,3710954251.0,0.0,internal_timestamp,27009,135880,1517.48017547,3.588,3.27857,34.9202974128,1034.73729225,29,29,29,29,29,13,29,13,29,29,59.9462,-39.4737
3017,3710954701.0,4,377854,555281101,3718051866.56,3718051866.64,3710954701.0,0.0,internal_timestamp,27018,135876,1518.04397498,3.5876,3.27854,34.9200853778,1034.73972878,29,29,29,29,29,13,29,13,29,29,59.9462,-39.4737
3018,3710955151.0,4,377861,555281551,3718051866.56,3718051866.64,3710955151.0,0.0,internal_timestamp,27015,135878,1517.85604181,3.5878,3.27861,34.9207972142,1034.73941083,29,29,29,29,29,13,29,13,29,29,59.9462,-39.4737
3019,3710955601.0,4,377860,555282001,3718051866.56,3718051866.64,3710955601.0,0.0,internal_timestamp,27019,135877,1518.10661937,3.5877,3.2786,34.9206603837,1034.74044965,29,29,29,29,29,13,29,13,29,29,59.9462,-39.4737
3020,3710956051.0,4,377855,555282451,3718051866.56,3718051866.64,3710956051.0,0.0,internal_timestamp,26984,135885,1515.9140657,3.5885,3.27855,34.920306273,1034.73015223,29,29,29,29,29,13,29,13,29,29,59.9462,-39.4737
3021,3710956501.0,4,377857,555282901,3718051866.56,3718051866.64,3710956501.0,0.0,internal_timestamp,27001,135880,1516.97902034,3.588,3.27857,34.920545083,1034.73522152,29,29,29,29,29,13,29,13,29,29,59.9462,-39.4737
3022,3710956951.0,4,377864,555283351,3718051866.56,3718051866.64,3710956951.0,0.0,internal_timestamp,27012,135878,1517.66810864,3.5878,3.27864,34.9212458654,1034.73891361,29,29,29,29,29,13,29,13,29,29,59.9462,-39.4737
3023,3710957401.0,4,377865,555283801,3718051866.56,3718051866.64,3710957401.0,0.0,internal_timestamp,27013,135875,1517.73075303,3.5875,3.27865,34.9216502807,1034.73955525,29,29,29,29,29,13,29,13,29,29,59.9462,-39.4737
3024,3710957851.0,4,377803,555284251,3718051866.56,3718051866.64,3710957851.0,0.0,internal_timestamp,27007,135810,1517.35488668,3.581,3.27803,34.9213466042,1034.73850654,29,29,29,29,29,13,29,13,29,29,59.9462,-39.4737
3025,3710958301.0,4,377792,555284701,3718051866.56,3718051866.64,3710958301.0,0.0,internal_timestamp,27010,135807,1517.54281986,3.5807,3.27792,34.9202657637,1034.73854848,29,29,29,29,29,13,29,13,29,29,59.9462,-39.4737
3026,3710958751.0,4,377859,555285151,3718051866.56,3718051866.64,3710958751.0,0.0,internal_timestamp,27021,135874,1518.23190815,3.5874,3.27859,34.9207966502,1034.74116393,29,29,29,29,29,13,29,13,29,29,59.9462,-39.4737
3027,3710959201.0,4,377851,555285601,3718051866.56,3718051866.64,3710959201.0,0.0,internal_timestamp,27005,135872,1517.2295979,3.5872,3.27851,34.9205544169,1034.73647082,29,29,29,29,29,13,29,13,29,29,59.9462,-39.4737
3028,3710959651.0,4,377808,555286051,3718051866.56,3718051866.64,3710959651.0,0.0,internal_timestamp,27025,135822,1518.48248571,3.5822,3.27808,34.9201151072,1034.74247245,29,29,29,29,29,13,29,13,29,29,59.9462,-39.4737
3029,3710960101.0,4,377818,555286501,3718051866.56,3718051866.64,3710960101.0,0.0,internal_timestamp,27004,135834,1517.16695351,3.5834,3.27818,34.9206841974,1034.73680903,29,29,29,29,29,13,29,13,29,29,59.9462,-39.4737
3030,3710960551.0,4,377825,555286951,3718051866.56,3718051866.64,3710960551.0,0.0,internal_timestamp,27008,135842,1517.41753108,3.5842,3.27825,34.9205457976,1034.73772363,29,29,29,29,29,13,29,13,29,29,59.9462,-39.4737
3031,3710961001.0,4,377838,555287401,3718051866.56,3718051866.64,3710961001.0,0.0,internal_timestamp,27021,135858,1518.23190815,3.5858,3.27838,34.9199956163,1034.74075388,29,29,29,29,29,13,29,13,29,29,59.9462,-39.4737
3032,3710961451.0,4,377849,555287851,3718051866.56,3718051866.64,3710961451.0,0.0,internal_timestamp,27009,135868,1517.48017547,3.5868,3.27849,34.9206157589,1034.73770625,29,29,29,29,29,13,29,13,29,29,59.9462,-39.4737
3033,3710961901.0,4,377842,555288301,3718051866.56,3718051866.64,3710961901.0,0.0,internal_timestamp,26997,135864,1516.72844278,3.5864,3.27842,34.9205794821,1034.7343347,29,29,29,29,29,13,29,13,29,29,59.9462,-39.4737
3034,3710962351.0,4,377842,555288751,3718051866.56,3718051866.64,3710962351.0,0.0,internal_timestamp,27003,135861,1517.10430912,3.5861,3.27842,34.9207104979,1034.73617744,29,29,29,29,29,13,29,13,29,29,59.9462,-39.4737
3035,3710962801.0,4,377813,555289201,3718051866.56,3718051866.64,3710962801.0,0.0,internal_timestamp,26987,135837,1516.10199887,3.5837,3.27813,34.9203007592,1034.73165344,29,29,29,29,29,13,29,13,29,29,59.9462,-39.4737
3036,3710963251.0,4,377785,555289651,3718051866.56,3718051866.64,3710963251.0,0.0,internal_timestamp,27007,135797,1517.35488668,3.5797,3.27785,34.920584384,1034.73808581,29,29,29,29,29,13,29,13,29,29,59.9462,-39.4737
3037,3710963701.0,4,377758,555290101,3718051866.56,3718051866.64,3710963701.0,0.0,internal_timestamp,27021,135784,1518.23190815,3.5784,3.27758,34.9183210023,1034.74045075,29,29,29,29,29,13,29,13,29,29,59.9462,-39.4737
3038,3710964151.0,4,377817,555290551,3718051866.57,3718051866.64,3710964151.0,0.0,internal_timestamp,27019,135831,1518.10661937,3.5831,3.27817,34.920417956,1034.74088828,29,29,29,29,29,13,29,13,29,29,59.9462,-39.4737
3039,3710964601.0,4,377843,555291001,3718051866.57,3718051866.64,3710964601.0,0.0,internal_timestamp,27011,135862,1517.60546425,3.5862,3.27843,34.9204758198,1034.73824472,29,29,29,29,29,13,29,13,29,29,59.9462,-39.4737
3040,3710965051.0,4,377830,555291451,3718051866.57,3718051866.64,3710965051.0,0.0,internal_timestamp,27012,135849,1517.66810864,3.5849,3.2783,34.9202757934,1034.73854857,29,29,29,29,29,13,29,13,29,29,59.9462,-39.4737
3041,3710965501.0,4,377833,555291901,3718051866.57,3718051866.64,3710965501.0,0.0,internal_timestamp,27014,135856,1517.79339742,3.5856,3.27833,34.9198305192,1034.7386696,29,29,29,29,29,13,29,13,29,29,59.9462,-39.4737
3042,3710965951.0,4,377835,555292351,3718051866.57,3718051866.64,3710965951.0,0.0,internal_timestamp,27023,135856,1518.35719693,3.5856,3.27835,34.9197890909,1034.74118538,29,29,29,29,29,13,29,13,29,29,59.9462,-39.4737
3043,3710966401.0,4,377838,555292801,3718051866.57,3718051866.64,3710966401.0,0.0,internal_timestamp,26999,135864,1516.85373156,3.5864,3.27838,34.9200431696,1034.73447996,29,29,29,29,29,13,29,13,29,29,59.9462,-39.4737
3044,3710966851.0,4,377785,555293251,3718051866.57,3718051866.64,3710966851.0,0.0,internal_timestamp,27027,135804,1518.6077745,3.5804,3.27785,34.9192259003,1034.74258672,29,29,29,29,29,13,29,13,29,29,59.9462,-39.4737
3045,3710967301.0,4,377761,555293701,3718051866.57,3718051866.64,3710967301.0,0.0,internal_timestamp,27001,135781,1516.97902034,3.5781,3.27761,34.9196129814,1034.73584286,29,29,29,29,29,13,29,13,29,29,59.9462,-39.4737
3046,3710967751.0,4,377759,555294151,3718051866.57,3718051866.64,3710967751.0,0.0,internal_timestamp,27013,135771,1517.73075303,3.5771,3.27759,34.9200601927,1034.7397285,29,29,29,29,29,13,29,13,29,29,59.9462,-39.4737
3047,3710968201.0,4,377770,555294601,3718051866.57,3718051866.64,3710968201.0,0.0,internal_timestamp,27026,135777,1518.5451301,3.5777,3.2777,34.9203288592,1034.74353846,29,29,29,29,29,13,29,13,29,29,59.9462,-39.4737
3048,3710968651.0,4,377770,555295051,3718051866.57,3718051866.64,3710968651.0,0.0,internal_timestamp,27018,135777,1518.04397498,3.5777,3.2777,34.9205765811,1034.7414677,29,29,29,29,29,13,29,13,29,29,59.9462,-39.4737
3049,3710969101.0,4,377757,555295501,3718051866.57,3718051866.64,3710969101.0,0.0,internal_timestamp,27029,135758,1518.73306328,3.5758,3.27757,34.9207003964,1034.74493924,29,29,29,29,29,13,29,13,29,29,59.9462,-39.4737
3050,3710969551.0,4,377750,555295951,3718051866.57,3718051866.64,3710969551.0,0.0,internal_timestamp,27020,135756,1518.16926376,3.5756,3.2775,34.9203599146,1034.74215086,29,29,29,29,29,13,29,13,29,29,59.9462,-39.4737
3051,3710970001.0,4,377813,555296401,3718051866.57,3718051866.64,3710970001.0,0.0,internal_timestamp,27024,135800,1518.41984132,3.58,3.27813,34.9230624356,1034.74480383,29,29,29,29,29,13,29,13,29,29,59.9462,-39.4737
3052,3710970451.0,4,377750,555296851,3718051866.57,3718051866.64,3710970451.0,0.0,internal_timestamp,27020,135749,1518.16926376,3.5749,3.2775,34.9210992024,1034.74282688,29,29,29,29,29,13,29,13,29,29,59.9462,-39.4737
3053,3710970901.0,4,377753,555297301,3718051866.57,3718051866.64,3710970901.0,0.0,internal_timestamp,27019,135764,1518.10661937,3.5764,3.27753,34.919901891,1034.74139882,29,29,29,29,29,13,29,13,29,29,59.9462,-39.4737
3054,3710971351.0,4,377777,555297751,3718051866.57,3718051866.65,3710971351.0,0.0,internal_timestamp,27020,135796,1518.16926376,3.5796,3.27777,34.9193385104,1034.74080241,29,29,29,29,29,13,29,13,29,29,59.9462,-39.4737
3055,3710971801.0,4,377822,555298201,3718051866.57,3718051866.65,3710971801.0,0.0,internal_timestamp,27023,135833,1518.35719693,3.5833,3.27822,34.9206759471,1034.74219606,29,29,29,29,29,13,29,13,29,29,59.9462,-39.4737
3056,3710972251.0,4,377836,555298651,3718051866.57,3718051866.65,3710972251.0,0.0,internal_timestamp,27013,135853,1517.73075303,3.5853,3.27836,34.920534057,1034.73897978,29,29,29,29,29,13,29,13,29,29,59.9462,-39.4737
3057,3710972701.0,4,377833,555299101,3718051866.57,3718051866.65,3710972701.0,0.0,internal_timestamp,27008,135858,1517.41753108,3.5858,3.27833,34.9198050914,1034.73692341,29,29,29,29,29,13,29,13,29,29,59.9462,-39.4737
3058,3710973151.0,4,377830,555299551,3718051866.57,3718051866.65,3710973151.0,0.0,internal_timestamp,27018,135857,1518.04397498,3.5857,3.2783,34.9192453,1034.73932909,29,29,29,29,29,13,29,13,29,29,59.9462,-39.4737
3059,3710973601.0,4,377799,555300001,3718051866.57,3718051866.65,3710973601.0,0.0,internal_timestamp,27025,135827,1518.48248571,3.5827,3.27799,34.9185196648,1034.7411516,29,29,29,29,29,13,29,13,29,29,59.9462,-39.4737
3060,3710974051.0,4,377785,555300451,3718051866.57,3718051866.65,3710974051.0,0.0,internal_timestamp,27030,135814,1518.79570767,3.5814,3.27785,34.9180770637,1034.74239759,29,29,29,29,29,13,29,13,29,29,59.9462,-39.4737
3061,3710974501.0,4,377787,555300901,3718051866.57,3718051866.65,3710974501.0,0.0,internal_timestamp,27036,135813,1519.17157401,3.5813,3.27787,34.9182341247,1034.74423343,29,29,29,29,29,13,29,13,29,29,59.9462,-39.4737
3062,3710974951.0,4,377796,555301351,3718051866.57,3718051866.64,3710974951.0,0.0,internal_timestamp,27029,135826,1518.73306328,3.5826,3.27796,34.9181456044,1034.7420042,29,29,29,29,29,13,29,13,29,29,59.9462,-39.4737
3063,3710975401.0,4,377818,555301801,3718051866.57,3718051866.64,3710975401.0,0.0,internal_timestamp,27016,135841,1517.9186862,3.5841,3.27818,34.919573483,1034.73923918,29,29,29,29,29,13,29,13,29,29,59.9462,-39.4737
3064,3710975851.0,4,377824,555302251,3718051866.57,3718051866.64,3710975851.0,0.0,internal_timestamp,27016,135849,1517.9186862,3.5849,3.27824,34.91944035,1034.7390253,29,29,29,29,29,13,29,13,29,29,59.9462,-39.4737
3065,3710976301.0,4,377833,555302701,3718051866.57,3718051866.64,3710976301.0,0.0,internal_timestamp,27024,135856,1518.41984132,3.5856,3.27833,34.9195209379,1034.74125801,29,29,29,29,29,13,29,13,29,29,59.9462,-39.4737
3066,3710976751.0,4,377835,555303151,3718051866.57,3718051866.64,3710976751.0,0.0,internal_timestamp,27025,135857,1518.48248571,3.5857,3.27835,34.9196215853,1034.74160649,29,29,29,29,29,13,29,13,29,29,59.9462,-39.4737
3067,3710977201.0,4,377836,555303601,3718051866.57,3718051866.64,3710977201.0,0.0,internal_timestamp,27024,135858,1518.41984132,3.5858,3.27836,34.9196655491,1034.74134419,29,29,29,29,29,13,29,13,29,29,59.9462,-39.4737
3068,3710977651.0,4,377836,555304051,3718051866.57,3718051866.64,3710977651.0,0.0,internal_timestamp,27021,135858,1518.23190815,3.5858,3.27836,34.9197584214,1034.74056767,29,29,29,29,29,13,29,13,29,29,59.9462,-39.4737
3069,3710978101.0,4,377825,555304501,3718051866.57,3718051866.65,3710978101.0,0.0,internal_timestamp,27033,135845,1518.98364084,3.5845,3.27825,34.9194550334,1034.74390496,29,29,29,29,29,13,29,13,29,29,59.9462,-39.4737
3070,3710978551.0,4,377819,555304951,3718051866.57,3718051866.65,3710978551.0,0.0,internal_timestamp,27006,135847,1517.29224229,3.5847,3.27819,34.9193681284,1034.73616445,29,29,29,29,29,13,29,13,29,29,59.9462,-39.4737
3071,3710979001.0,4,377817,555305401,3718051866.57,3718051866.65,3710979001.0,0.0,internal_timestamp,27028,135840,1518.67041889,3.584,3.27817,34.9191889676,1034.74234874,29,29,29,29,29,13,29,13,29,29,59.9462,-39.4737
3072,3710979451.0,4,377813,555305851,3718051866.57,3718051866.66,3710979451.0,0.0,internal_timestamp,27001,135844,1516.97902034,3.5844,3.27813,34.919128099,1034.73460127,29,29,29,29,29,13,29,13,29,29,59.9462,-39.4737
3073,3710979901.0,4,377803,555306301,3718051866.57,3718051866.66,3710979901.0,0.0,internal_timestamp,27012,135826,1517.66810864,3.5826,3.27803,34.9195021716,1034.73825565,29,29,29,29,29,13,29,13,29,29,59.9462,-39.4737
3074,3710980351.0,4,377807,555306751,3718051866.57,3718051866.66,3710980351.0,0.0,internal_timestamp,27023,135829,1518.35719693,3.5829,3.27807,34.9193192454,1034.74118567,29,29,29,29,29,13,29,13,29,29,59.9462,-39.4737
3075,3710980801.0,4,377804,555307201,3718051866.57,3718051866.66,3710980801.0,0.0,internal_timestamp,27026,135826,1518.5451301,3.5826,3.27804,34.9191873314,1034.74197257,29,29,29,29,29,13,29,13,29,29,59.9462,-39.4737
3076,3710981251.0,4,377805,555307651,3718051866.57,3718051866.66,3710981251.0,0.0,internal_timestamp,27015,135829,1517.85604181,3.5829,3.27805,34.9193297147,1034.7389287,29,29,29,29,29,13,29,13,29,29,59.9462,-39.4737
3077,3710981701.0,4,377816,555308101,3718051866.58,3718051866.66,3710981701.0,0.0,internal_timestamp,27022,135838,1518.29455254,3.5838,3.27816,34.9194673008,1034.74089572,29,29,29,29,29,13,29,13,29,29,59.9462,-39.4737
3078,3710982151.0,4,377813,555308551,3718051866.58,3718051866.66,3710982151.0,0.0,internal_timestamp,27027,135833,1518.6077745,3.5833,3.27813,34.9194846633,1034.74239343,29,29,29,29,29,13,29,13,29,29,59.9462,-39.4737
3079,3710982601.0,4,377802,555309001,3718051866.58,3718051866.66,3710982601.0,0.0,internal_timestamp,27013,135831,1517.73075303,3.5831,3.27802,34.9188246285,1034.73793855,29,29,29,29,29,13,29,13,29,29,59.9462,-39.4737
3080,3710983051.0,4,377737,555309451,3718051866.58,3718051866.66,3710983051.0,0.0,internal_timestamp,27023,135772,1518.35719693,3.5772,3.27737,34.9170352117,1034.74017162,29,29,29,29,29,13,29,13,29,29,59.9462,-39.4737
3081,3710983501.0,4,377660,555309901,3718051866.58,3718051866.66,3710983501.0,0.0,internal_timestamp,27026,135701,1518.5451301,3.5701,3.2766,34.9153052196,1034.74063282,29,29,29,29,29,13,29,13,29,29,59.9462,-39.4737
3082,3710983951.0,4,377623,555310351,3718051866.58,3718051866.66,3710983951.0,0.0,internal_timestamp,27032,135670,1518.92099645,3.567,3.27623,34.9140031815,1034.74173293,29,29,29,29,29,13,29,13,29,29,59.9462,-39.4737
3083,3710984401.0,4,377629,555310801,3718051866.58,3718051866.66,3710984401.0,0.0,internal_timestamp,27034,135675,1519.04628523,3.5675,3.27629,34.9141251302,1034.74232674,29,29,29,29,29,13,29,13,29,29,59.9462,-39.4737
3084,3710984851.0,4,377666,555311251,3718051866.58,3718051866.66,3710984851.0,0.0,internal_timestamp,27023,135706,1518.35719693,3.5706,3.27666,34.9155819595,1034.73993229,29,29,29,29,29,13,29,13,29,29,59.9462,-39.4737
3085,3710985301.0,4,377748,555311701,3718051866.58,3718051866.66,3710985301.0,0.0,internal_timestamp,27040,135778,1519.42215157,3.5778,3.27748,34.9171801218,1034.74501699,29,29,29,29,29,13,29,13,29,29,59.9462,-39.4737
3086,3710985751.0,4,377753,555312151,3718051866.58,3718051866.66,3710985751.0,0.0,internal_timestamp,27022,135783,1518.29455254,3.5783,3.27753,34.9178025392,1034.74034055,29,29,29,29,29,13,29,13,29,29,59.9462,-39.4737
3087,3710986201.0,4,377843,555312601,3718051866.58,3718051866.66,3710986201.0,0.0,internal_timestamp,27029,135862,1518.73306328,3.5862,3.27843,34.9199185789,1034.74290384,29,29,29,29,29,13,29,13,29,29,59.9462,-39.4737
3088,3710986651.0,4,377841,555313051,3718051866.58,3718051866.66,3710986651.0,0.0,internal_timestamp,27018,135866,1518.04397498,3.5866,3.27841,34.9195995534,1034.73948413,29,29,29,29,29,13,29,13,29,29,59.9462,-39.4737
3089,3710987101.0,4,377834,555313501,3718051866.58,3718051866.66,3710987101.0,0.0,internal_timestamp,27032,135854,1518.92099645,3.5854,3.27834,34.9196030628,1034.74361496,29,29,29,29,29,13,29,13,29,29,59.9462,-39.4737
3090,3710987551.0,4,377831,555313951,3718051866.58,3718051866.66,3710987551.0,0.0,internal_timestamp,27031,135853,1518.85835206,3.5853,3.27831,34.9193838156,1034.74317338,29,29,29,29,29,13,29,13,29,29,59.9462,-39.4737
3091,3710988001.0,4,377839,555314401,3718051866.58,3718051866.66,3710988001.0,0.0,internal_timestamp,27033,135858,1518.98364084,3.5858,3.27839,34.9197427313,1034.74395305,29,29,29,29,29,13,29,13,29,29,59.9462,-39.4737
3092,3710988451.0,4,377843,555314851,3718051866.58,3718051866.66,3710988451.0,0.0,internal_timestamp,27027,135864,1518.6077745,3.5864,3.27843,34.9197693114,1034.74219303,29,29,29,29,29,13,29,13,29,29,59.9462,-39.4737
3093,3710988901.0,4,377849,555315301,3718051866.58,3718051866.66,3710988901.0,0.0,internal_timestamp,27030,135868,1518.79570767,3.5868,3.27849,34.9199656524,1034.74314188,29,29,29,29,29,13,29,13,29,29,59.9462,-39.4737
3094,3710989351.0,4,377853,555315751,3718051866.58,3718051866.66,3710989351.0,0.0,internal_timestamp,27018,135871,1518.04397498,3.5871,3.27853,34.9204947357,1034.74011852,29,29,29,29,29,13,29,13,29,29,59.9462,-39.4737
3095,3710989801.0,4,377849,555316201,3718051866.58,3718051866.66,3710989801.0,0.0,internal_timestamp,27019,135869,1518.10661937,3.5869,3.27849,34.9202005836,1034.74019809,29,29,29,29,29,13,29,13,29,29,59.9462,-39.4737
3096,3710990251.0,4,377835,555316651,3718051866.58,3718051866.66,3710990251.0,0.0,internal_timestamp,27020,135857,1518.16926376,3.5857,3.27835,34.9197763728,1034.74031229,29,29,29,29,29,13,29,13,29,29,59.9462,-39.4737
3097,3710990701.0,4,377835,555317101,3718051866.58,3718051866.66,3710990701.0,0.0,internal_timestamp,27031,135852,1518.85835206,3.5852,3.27835,34.9199638,1034.74364236,29,29,29,29,29,13,29,13,29,29,59.9462,-39.4737
3098,3710991151.0,4,377823,555317551,3718051866.58,3718051866.66,3710991151.0,0.0,internal_timestamp,27014,135848,1517.79339742,3.5848,3.27823,34.9194892601,1034.73851107,29,29,29,29,29,13,29,13,29,29,59.9462,-39.4737
3099,3710991601.0,4,377774,555318001,3718051866.58,3718051866.66,3710991601.0,0.0,internal_timestamp,27010,135809,1517.54281986,3.5809,3.27774,34.9179195235,1034.73667922,29,29,29,29,29,13,29,13,29,29,59.9462,-39.4737
3100,3710992051.0,4,377735,555318451,3718051866.58,3718051866.66,3710992051.0,0.0,internal_timestamp,27007,135776,1517.35488668,3.5776,3.27735,34.9168709998,1034.7354575,29,29,29,29,29,13,29,13,29,29,59.9462,-39.4737
3101,3710992501.0,4,377684,555318901,3718051866.58,3718051866.66,3710992501.0,0.0,internal_timestamp,27031,135732,1518.85835206,3.5732,3.27684,34.9147241017,1034.74116901,29,29,29,29,29,13,29,13,29,29,59.9462,-39.4737
3102,3710992951.0,4,377716,555319351,3718051866.58,3718051866.66,3710992951.0,0.0,internal_timestamp,27016,135768,1517.9186862,3.5768,3.27716,34.9151832467,1034.73679025,29,29,29,29,29,13,29,13,29,29,59.9462,-39.4737
3103,3710993401.0,4,377709,555319801,3718051866.58,3718051866.66,3710993401.0,0.0,internal_timestamp,27021,135763,1518.23190815,3.5763,3.27709,34.9147260278,1034.73791542,29,29,29,29,29,13,29,13,29,29,59.9462,-39.4737
3104,3710993851.0,4,377709,555320251,3718051866.58,3718051866.66,3710993851.0,0.0,internal_timestamp,27028,135758,1518.67041889,3.5758,3.27709,34.9150372571,1034.74021018,29,29,29,29,29,13,29,13,29,29,59.9462,-39.4737
3105,3710994301.0,4,377729,555320701,3718051866.58,3718051866.66,3710994301.0,0.0,internal_timestamp,27021,135779,1518.23190815,3.5779,3.27729,34.9154090038,1034.73823299,29,29,29,29,29,13,29,13,29,29,59.9462,-39.4737
3106,3710994751.0,4,377747,555321151,3718051866.58,3718051866.66,3710994751.0,0.0,internal_timestamp,27021,135790,1518.23190815,3.579,3.27747,34.9163826238,1034.73884702,29,29,29,29,29,13,29,13,29,29,59.9462,-39.4737
3107,3710995201.0,4,377780,555321601,3718051866.58,3718051866.66,3710995201.0,0.0,internal_timestamp,27012,135818,1517.66810864,3.5818,3.2778,34.9176189255,1034.73688654,29,29,29,29,29,13,29,13,29,29,59.9462,-39.4737
3108,3710995651.0,4,377800,555322051,3718051866.58,3718051866.66,3710995651.0,0.0,internal_timestamp,27021,135830,1518.23190815,3.583,3.278,34.9184453304,1034.73991964,29,29,29,29,29,13,29,13,29,29,59.9462,-39.4737
3109,3710996101.0,4,377772,555322501,3718051866.58,3718051866.66,3710996101.0,0.0,internal_timestamp,27025,135796,1518.48248571,3.5796,3.27772,34.9185906172,1034.74163103,29,29,29,29,29,13,29,13,29,29,59.9462,-39.4737
3110,3710996551.0,4,377762,555322951,3718051866.58,3718051866.66,3710996551.0,0.0,internal_timestamp,27009,135787,1517.48017547,3.5787,3.27762,34.9188502506,1034.73742737,29,29,29,29,29,13,29,13,29,29,59.9462,-39.4737
3111,3710997001.0,4,377747,555323401,3718051866.58,3718051866.66,3710997001.0,0.0,internal_timestamp,27016,135769,1517.9186862,3.5769,3.27747,34.9187550031,1034.73958065,29,29,29,29,29,13,29,13,29,29,59.9462,-39.4737
3112,3710997451.0,4,377781,555323851,3718051866.58,3718051866.66,3710997451.0,0.0,internal_timestamp,27020,135803,1518.16926376,3.5803,3.27781,34.9190737748,1034.74049891,29,29,29,29,29,13,29,13,29,29,59.9462,-39.4737
3113,3710997901.0,4,377761,555324301,3718051866.58,3718051866.66,3710997901.0,0.0,internal_timestamp,27010,135781,1517.54281986,3.5781,3.27761,34.9193342806,1034.7381725,29,29,29,29,29,13,29,13,29,29,59.9462,-39.4737
3114,3710998351.0,4,377753,555324751,3718051866.58,3718051866.66,3710998351.0,0.0,internal_timestamp,27011,135765,1517.60546425,3.5765,3.27753,34.9200440193,1034.73923146,29,29,29,29,29,13,29,13,29,29,59.9462,-39.4737
3115,3710998801.0,4,377759,555325201,3718051866.58,3718051866.66,3710998801.0,0.0,internal_timestamp,27011,135768,1517.60546425,3.5768,3.27759,34.9204389534,1034.73950052,29,29,29,29,29,13,29,13,29,29,59.9462,-39.4737
3116,3710999251.0,4,377813,555325651,3718051866.58,3718051866.66,3710999251.0,0.0,internal_timestamp,27015,135811,1517.85604181,3.5811,3.27813,34.9221794178,1034.74141191,29,29,29,29,29,13,29,13,29,29,59.9462,-39.4737
3117,3710999701.0,4,377806,555326101,3718051866.58,3718051866.66,3710999701.0,0.0,internal_timestamp,27023,135809,1518.35719693,3.5809,3.27806,34.9213126243,1034.74302397,29,29,29,29,29,13,29,13,29,29,59.9462,-39.4737
3118,3711000151.0,4,377811,555326551,3718051866.59,3718051866.68,3711000151.0,0.0,internal_timestamp,27018,135820,1518.04397498,3.582,3.27811,34.9208988649,1034.74113304,29,29,29,29,29,13,29,13,29,29,59.9462,-39.4737
3119,3711000601.0,4,377886,555327001,3718051866.59,3718051866.68,3711000601.0,0.0,internal_timestamp,27005,135889,1517.2295979,3.5889,3.27886,34.9229100519,1034.73808763,29,29,29,29,29,13,29,13,29,29,59.9462,-39.4737
3120,3711001051.0,4,377873,555327451,3718051866.59,3718051866.68,3711001051.0,0.0,internal_timestamp,27021,135876,1518.23190815,3.5876,3.27873,34.9222457648,1034.74227419,29,29,29,29,29,13,29,13,29,29,59.9462,-39.4737
3121,3711001501.0,4,377872,555327901,3718051866.59,3718051866.68,3711001501.0,0.0,internal_timestamp,27014,135873,1517.79339742,3.5873,3.27872,34.9226606728,1034.74065894,29,29,29,29,29,13,29,13,29,29,59.9462,-39.4737
3122,3711001951.0,4,377845,555328351,3718051866.59,3718051866.68,3711001951.0,0.0,internal_timestamp,27022,135851,1518.29455254,3.5851,3.27845,34.9215340134,1034.74234044,29,29,29,29,29,13,29,13,29,29,59.9462,-39.4737
3123,3711002401.0,4,377859,555328801,3718051866.59,3718051866.68,3711002401.0,0.0,internal_timestamp,27014,135864,1517.79339742,3.5864,3.27859,34.9220693053,1034.74031776,29,29,29,29,29,13,29,13,29,29,59.9462,-39.4737
3124,3711002851.0,4,377844,555329251,3718051866.59,3718051866.68,3711002851.0,0.0,internal_timestamp,27007,135856,1517.35488668,3.5856,3.27844,34.9213518317,1034.73788187,29,29,29,29,29,13,29,13,29,29,59.9462,-39.4737
3125,3711003301.0,4,377803,555329701,3718051866.59,3718051866.68,3711003301.0,0.0,internal_timestamp,27018,135800,1518.04397498,3.58,3.27803,34.9220620561,1034.74231957,29,29,29,29,29,13,29,13,29,29,59.9462,-39.4737
3126,3711003751.0,4,377781,555330151,3718051866.59,3718051866.66,3711003751.0,0.0,internal_timestamp,27023,135779,1518.35719693,3.5779,3.27781,34.9215153877,1034.74359317,29,29,29,29,29,13,29,13,29,29,59.9462,-39.4737
3127,3711004201.0,4,377742,555330601,3718051866.59,3718051866.66,3711004201.0,0.0,internal_timestamp,27015,135733,1517.85604181,3.5733,3.27742,34.9219948475,1034.7423328,29,29,29,29,29,13,29,13,29,29,59.9462,-39.4737
3128,3711004651.0,4,377875,555331051,3718051866.59,3718051866.66,3711004651.0,0.0,internal_timestamp,27012,135859,1517.66810864,3.5859,3.27875,34.9245568166,1034.74177265,29,29,29,29,29,13,29,13,29,29,59.9462,-39.4737
3129,3711005101.0,4,377960,555331501,3718051866.59,3718051866.66,3711005101.0,0.0,internal_timestamp,27016,135932,1517.9186862,3.5932,3.2796,34.9268040194,1034.74367086,29,29,29,29,29,13,29,13,29,29,59.9462,-39.4737
3130,3711005551.0,4,377967,555331951,3718051866.59,3718051866.66,3711005551.0,0.0,internal_timestamp,27008,135938,1517.41753108,3.5938,3.27967,34.9272481214,1034.74167234,29,29,29,29,29,13,29,13,29,29,59.9462,-39.4737
3131,3711006001.0,4,377965,555332401,3718051866.59,3718051866.66,3711006001.0,0.0,internal_timestamp,27019,135938,1518.10661937,3.5938,3.27965,34.9266704388,1034.74433329,29,29,29,29,29,13,29,13,29,29,59.9462,-39.4737
3132,3711006451.0,4,377785,555332851,3718051866.59,3718051866.66,3711006451.0,0.0,internal_timestamp,27021,135766,1518.23190815,3.5766,3.27785,34.9234248091,1034.74470352,29,29,29,29,29,13,29,13,29,29,59.9462,-39.4737
3133,3711006901.0,4,377810,555333301,3718051866.59,3718051866.67,3711006901.0,0.0,internal_timestamp,27022,135809,1518.29455254,3.5809,3.2781,34.9218180415,1034.7431376,29,29,29,29,29,13,29,13,29,29,59.9462,-39.4737
3134,3711007351.0,4,377787,555333751,3718051866.59,3718051866.68,3711007351.0,0.0,internal_timestamp,27008,135794,1517.41753108,3.5794,3.27787,34.9211074736,1034.73882062,29,29,29,29,29,13,29,13,29,29,59.9462,-39.4737
3135,3711007801.0,4,377796,555334201,3718051866.59,3718051866.68,3711007801.0,0.0,internal_timestamp,27021,135803,1518.23190815,3.5803,3.27796,34.9208220328,1034.74215454,29,29,29,29,29,13,29,13,29,29,59.9462,-39.4737
3136,3711008251.0,4,377815,555334651,3718051866.59,3718051866.68,3711008251.0,0.0,internal_timestamp,27024,135817,1518.41984132,3.5817,3.27815,34.9215043402,1034.74334827,29,29,29,29,29,13,29,13,29,29,59.9462,-39.4737
3137,3711008701.0,4,377819,555335101,3718051866.59,3718051866.68,3711008701.0,0.0,internal_timestamp,27010,135824,1517.54281986,3.5824,3.27819,34.9216730393,1034.73942092,29,29,29,29,29,13,29,13,29,29,59.9462,-39.4737
3138,3711009151.0,4,377823,555335551,3718051866.59,3718051866.68,3711009151.0,0.0,internal_timestamp,27026,135827,1518.5451301,3.5827,3.27823,34.921335269,1034.74364513,29,29,29,29,29,13,29,13,29,29,59.9462,-39.4737
3139,3711009601.0,4,377815,555336001,3718051866.59,3718051866.68,3711009601.0,0.0,internal_timestamp,27023,135818,1518.35719693,3.5818,3.27815,34.9214296992,1034.74299285,29,29,29,29,29,13,29,13,29,29,59.9462,-39.4737
3140,3711010051.0,4,377794,555336451,3718051866.59,3718051866.68,3711010051.0,0.0,internal_timestamp,27013,135803,1517.73075303,3.5803,3.27794,34.9208325141,1034.73989754,29,29,29,29,29,13,29,13,29,29,59.9462,-39.4737
3141,3711010501.0,4,377793,555336901,3718051866.59,3718051866.67,3711010501.0,0.0,internal_timestamp,27019,135798,1518.10661937,3.5798,3.27793,34.9210561364,1034.74184035,29,29,29,29,29,13,29,13,29,29,59.9462,-39.4737
3142,3711010951.0,4,377781,555337351,3718051866.59,3718051866.67,3711010951.0,0.0,internal_timestamp,27025,135785,1518.48248571,3.5785,3.27781,34.920819807,1034.7435314,29,29,29,29,29,13,29,13,29,29,59.9462,-39.4737
3143,3711011401.0,4,377748,555337801,3718051866.59,3718051866.67,3711011401.0,0.0,internal_timestamp,27019,135757,1518.10661937,3.5757,3.27748,34.9200480127,1034.74160917,29,29,29,29,29,13,29,13,29,29,59.9462,-39.4737
3144,3711011851.0,4,377745,555338251,3718051866.59,3718051866.67,3711011851.0,0.0,internal_timestamp,27024,135757,1518.41984132,3.5757,3.27745,34.9195372928,1034.74262401,29,29,29,29,29,13,29,13,29,29,59.9462,-39.4737
3145,3711012301.0,4,377772,555338701,3718051866.59,3718051866.67,3711012301.0,0.0,internal_timestamp,27021,135789,1518.23190815,3.5789,3.27772,34.9194536683,1034.74127163,29,29,29,29,29,13,29,13,29,29,59.9462,-39.4737
3146,3711012751.0,4,377783,555339151,3718051866.59,3718051866.67,3711012751.0,0.0,internal_timestamp,27017,135798,1517.98133059,3.5798,3.27783,34.9199318971,1034.74039146,29,29,29,29,29,13,29,13,29,29,59.9462,-39.4737
3147,3711013201.0,4,377807,555339601,3718051866.59,3718051866.67,3711013201.0,0.0,internal_timestamp,27028,135821,1518.67041889,3.5821,3.27807,34.9200092157,1034.74325243,29,29,29,29,29,13,29,13,29,29,59.9462,-39.4737
3148,3711013651.0,4,377838,555340051,3718051866.59,3718051866.67,3711013651.0,0.0,internal_timestamp,27030,135849,1518.79570767,3.5849,3.27838,34.9206673353,1034.74395255,29,29,29,29,29,13,29,13,29,29,59.9462,-39.4737
3149,3711014101.0,4,377841,555340501,3718051866.59,3718051866.67,3711014101.0,0.0,internal_timestamp,27025,135857,1518.48248571,3.5857,3.27841,34.9203331705,1034.74216512,29,29,29,29,29,13,29,13,29,29,59.9462,-39.4737
3150,3711014551.0,4,377827,555340951,3718051866.59,3718051866.67,3711014551.0,0.0,internal_timestamp,27023,135842,1518.35719693,3.5842,3.27827,34.9203185965,1034.74179248,29,29,29,29,29,13,29,13,29,29,59.9462,-39.4737
3151,3711015001.0,4,377775,555341401,3718051866.59,3718051866.67,3711015001.0,0.0,internal_timestamp,27020,135795,1518.16926376,3.5795,3.27775,34.9192068774,1034.74071274,29,29,29,29,29,13,29,13,29,29,59.9462,-39.4737
3152,3711015451.0,4,377739,555341851,3718051866.59,3718051866.68,3711015451.0,0.0,internal_timestamp,27018,135766,1518.04397498,3.5766,3.27739,34.9180608789,1034.73964302,29,29,29,29,29,13,29,13,29,29,59.9462,-39.4737
3153,3711015901.0,4,377722,555342301,3718051866.59,3718051866.68,3711015901.0,0.0,internal_timestamp,27027,135753,1518.6077745,3.5753,3.27722,34.9171383585,1034.74164482,29,29,29,29,29,13,29,13,29,29,59.9462,-39.4737
3154,3711016351.0,4,377763,555342751,3718051866.59,3718051866.68,3711016351.0,0.0,internal_timestamp,27022,135790,1518.29455254,3.579,3.27763,34.9182495403,1034.74059581,29,29,29,29,29,13,29,13,29,29,59.9462,-39.4737
3155,3711016801.0,4,377813,555343201,3718051866.59,3718051866.68,3711016801.0,0.0,internal_timestamp,27027,135832,1518.6077745,3.5832,3.27813,34.9195902577,1034.74249,29,29,29,29,29,13,29,13,29,29,59.9462,-39.4737
3156,3711017251.0,4,377831,555343651,3718051866.59,3718051866.68,3711017251.0,0.0,internal_timestamp,27025,135848,1518.48248571,3.5848,3.27831,34.920097518,1034.74210318,29,29,29,29,29,13,29,13,29,29,59.9462,-39.4737
3157,3711017701.0,4,377821,555344101,3718051866.6,3718051866.69,3711017701.0,0.0,internal_timestamp,27024,135836,1518.41984132,3.5836,3.27821,34.9202095911,1034.74207208,29,29,29,29,29,13,29,13,29,29,59.9462,-39.4737
3158,3711018151.0,4,377827,555344551,3718051866.6,3718051866.69,3711018151.0,0.0,internal_timestamp,27033,135829,1518.98364084,3.5829,3.27827,34.9213817741,1034.7456363,29,29,29,29,29,13,29,13,29,29,59.9462,-39.4737
3159,3711018601.0,4,377770,555345001,3718051866.6,3718051866.69,3711018601.0,0.0,internal_timestamp,27022,135765,1518.29455254,3.5765,3.2777,34.9217200419,1034.74366199,29,29,29,29,29,13,29,13,29,29,59.9462,-39.4737
3160,3711019051.0,4,377725,555345451,3718051866.6,3718051866.69,3711019051.0,0.0,internal_timestamp,27016,135723,1517.9186862,3.5723,3.27725,34.9210032032,1034.74197404,29,29,29,29,29,13,29,13,29,29,59.9462,-39.4737
3161,3711019501.0,4,377717,555345901,3718051866.6,3718051866.69,3711019501.0,0.0,internal_timestamp,27026,135708,1518.5451301,3.5708,3.27717,34.9213286524,1034.74526606,29,29,29,29,29,13,29,13,29,29,59.9462,-39.4737
3162,3711019951.0,4,377723,555346351,3718051866.6,3718051866.69,3711019951.0,0.0,internal_timestamp,27012,135721,1517.66810864,3.5721,3.27723,34.921101047,1034.74094551,29,29,29,29,29,13,29,13,29,29,59.9462,-39.4737
3163,3711020401.0,4,377723,555346801,3718051866.6,3718051866.69,3711020401.0,0.0,internal_timestamp,27021,135722,1518.23190815,3.5722,3.27723,34.9207166858,1034.74317858,29,29,29,29,29,13,29,13,29,29,59.9462,-39.4737
3164,3711020851.0,4,377697,555347251,3718051866.6,3718051866.69,3711020851.0,0.0,internal_timestamp,27017,135694,1517.98133059,3.5694,3.27697,34.9207131763,1034.74242557,29,29,29,29,29,13,29,13,29,29,59.9462,-39.4737
3165,3711021301.0,4,377706,555347701,3718051866.6,3718051866.68,3711021301.0,0.0,internal_timestamp,27017,135701,1517.98133059,3.5701,3.27706,34.9210416522,1034.74258786,29,29,29,29,29,13,29,13,29,29,59.9462,-39.4737
3166,3711021751.0,4,377721,555348151,3718051866.6,3718051866.68,3711021751.0,0.0,internal_timestamp,27017,135714,1517.98133059,3.5714,3.27721,34.9214482455,1034.74272952,29,29,29,29,29,13,29,13,29,29,59.9462,-39.4737
3167,3711022201.0,4,377734,555348601,3718051866.6,3718051866.68,3711022201.0,0.0,internal_timestamp,27014,135728,1517.79339742,3.5728,3.27734,34.9216048095,1034.74181172,29,29,29,29,29,13,29,13,29,29,59.9462,-39.4737
3168,3711022651.0,4,377818,555349051,3718051866.6,3718051866.68,3711022651.0,0.0,internal_timestamp,27011,135804,1517.60546425,3.5804,3.27818,34.9236356289,1034.74151818,29,29,29,29,29,13,29,13,29,29,59.9462,-39.4737
3169,3711023101.0,4,377859,555349501,3718051866.6,3718051866.68,3711023101.0,0.0,internal_timestamp,27014,135839,1517.79339742,3.5839,3.27859,34.9247094021,1034.74273217,29,29,29,29,29,13,29,13,29,29,59.9462,-39.4737
3170,3711023551.0,4,377879,555349951,3718051866.6,3718051866.68,3711023551.0,0.0,internal_timestamp,27008,135870,1517.41753108,3.587,3.27879,34.9239934086,1034.74004736,29,29,29,29,29,13,29,13,29,29,59.9462,-39.4737
3171,3711024001.0,4,377929,555350401,3718051866.6,3718051866.68,3711024001.0,0.0,internal_timestamp,27013,135916,1517.73075303,3.5916,3.27929,34.9249104824,1034.74155387,29,29,29,29,29,13,29,13,29,29,59.9462,-39.4737
3172,3711024451.0,4,377869,555350851,3718051866.6,3718051866.68,3711024451.0,0.0,internal_timestamp,27017,135855,1517.98133059,3.5855,3.27869,34.9241128255,1034.74289451,29,29,29,29,29,13,29,13,29,29,59.9462,-39.4737
3173,3711024901.0,4,377774,555351301,3718051866.6,3718051866.68,3711024901.0,0.0,internal_timestamp,27009,135762,1517.48017547,3.5762,3.27774,34.9229139993,1034.74095925,29,29,29,29,29,13,29,13,29,29,59.9462,-39.4737
3174,3711025351.0,4,377779,555351751,3718051866.6,3718051866.68,3711025351.0,0.0,internal_timestamp,27002,135784,1517.04166473,3.5784,3.27779,34.9214004001,1034.73748827,29,29,29,29,29,13,29,13,29,29,59.9462,-39.4737
3175,3711025801.0,4,377805,555352201,3718051866.6,3718051866.68,3711025801.0,0.0,internal_timestamp,26993,135820,1516.47786522,3.582,3.27805,34.9209613088,1034.73410325,29,29,29,29,29,13,29,13,29,29,59.9462,-39.4737
3176,3711026251.0,4,377799,555352651,3718051866.6,3718051866.68,3711026251.0,0.0,internal_timestamp,26989,135816,1516.22728766,3.5816,3.27799,34.9207959147,1034.73289545,29,29,29,29,29,13,29,13,29,29,59.9462,-39.4737
3177,3711026701.0,4,377804,555353101,3718051866.6,3718051866.68,3711026701.0,0.0,internal_timestamp,26995,135818,1516.603154,3.5818,3.27804,34.9209919711,1034.73472096,29,29,29,29,29,13,29,13,29,29,59.9462,-39.4737
3178,3711027151.0,4,377806,555353551,3718051866.6,3718051866.68,3711027151.0,0.0,internal_timestamp,26995,135823,1516.603154,3.5823,3.27806,34.92070118,1034.73442434,29,29,29,29,29,13,29,13,29,29,59.9462,-39.4737
3179,3711027601.0,4,377806,555354001,3718051866.6,3718051866.68,3711027601.0,0.0,internal_timestamp,26999,135821,1516.85373156,3.5821,3.27806,34.9207885226,1034.73565285,29,29,29,29,29,13,29,13,29,29,59.9462,-39.4737
3180,3711028051.0,4,377816,555354451,3718051866.6,3718051866.68,3711028051.0,0.0,internal_timestamp,26993,135834,1516.47786522,3.5834,3.27816,34.9207875885,1034.73377555,29,29,29,29,29,13,29,13,29,29,59.9462,-39.4737
3181,3711028501.0,4,377815,555354901,3718051866.6,3718051866.68,3711028501.0,0.0,internal_timestamp,26993,135839,1516.47786522,3.5839,3.27815,34.9201409869,1034.73319959,29,29,29,29,29,13,29,13,29,29,59.9462,-39.4737
3182,3711028951.0,4,377803,555355351,3718051866.6,3718051866.68,3711028951.0,0.0,internal_timestamp,26996,135829,1516.66579839,3.5829,3.27803,34.9196807877,1034.73382443,29,29,29,29,29,13,29,13,29,29,59.9462,-39.4737
3183,3711029401.0,4,377776,555355801,3718051866.6,3718051866.68,3711029401.0,0.0,internal_timestamp,27002,135803,1517.04166473,3.5803,3.27776,34.9190380451,1034.73537406,29,29,29,29,29,13,29,13,29,29,59.9462,-39.4737
3184,3711029851.0,4,377645,555356251,3718051866.6,3718051866.68,3711029851.0,0.0,internal_timestamp,27000,135690,1516.91637595,3.569,3.27645,34.9154924152,1034.7335675,29,29,29,29,29,13,29,13,29,29,59.9462,-39.4737
3185,3711030301.0,4,377658,555356701,3718051866.6,3718051866.68,3711030301.0,0.0,internal_timestamp,27003,135707,1517.10430912,3.5707,3.27658,34.9151465912,1034.73391342,29,29,29,29,29,13,29,13,29,29,59.9462,-39.4737
3186,3711030751.0,4,377647,555357151,3718051866.6,3718051866.68,3711030751.0,0.0,internal_timestamp,27000,135695,1516.91637595,3.5695,3.27647,34.9152016725,1034.73327098,29,29,29,29,29,13,29,13,29,29,59.9462,-39.4737
3187,3711031201.0,4,377661,555357601,3718051866.6,3718051866.68,3711031201.0,0.0,internal_timestamp,27008,135707,1517.41753108,3.5707,3.27661,34.915347671,1034.73548716,29,29,29,29,29,13,29,13,29,29,59.9462,-39.4737
3188,3711031651.0,4,377661,555358051,3718051866.6,3718051866.68,3711031651.0,0.0,internal_timestamp,27004,135711,1517.16695351,3.5711,3.27661,34.9150491338,1034.73406547,29,29,29,29,29,13,29,13,29,29,59.9462,-39.4737
3189,3711032101.0,4,377625,555358501,3718051866.6,3718051866.68,3711032101.0,0.0,internal_timestamp,26997,135675,1516.72844278,3.5675,3.27625,34.9147964401,1034.73237633,29,29,29,29,29,13,29,13,29,29,59.9462,-39.4737
3190,3711032551.0,4,377750,555358951,3718051866.6,3718051866.68,3711032551.0,0.0,internal_timestamp,27007,135780,1517.35488668,3.578,3.2775,34.9182279378,1034.73646813,29,29,29,29,29,13,29,13,29,29,59.9462,-39.4737
3191,3711033001.0,4,377782,555359401,3718051866.6,3718051866.68,3711033001.0,0.0,internal_timestamp,27008,135804,1517.41753108,3.5804,3.27782,34.9194583491,1034.7373893,29,29,29,29,29,13,29,13,29,29,59.9462,-39.4737
3192,3711033451.0,4,377815,555359851,3718051866.6,3718051866.68,3711033451.0,0.0,internal_timestamp,27001,135835,1516.97902034,3.5835,3.27815,34.9203156689,1034.73565659,29,29,29,29,29,13,29,13,29,29,59.9462,-39.4737
3193,3711033901.0,4,377818,555360301,3718051866.6,3718051866.68,3711033901.0,0.0,internal_timestamp,26997,135829,1516.72844278,3.5829,3.27818,34.921428953,1034.73547999,29,29,29,29,29,13,29,13,29,29,59.9462,-39.4737
3194,3711034351.0,4,377888,555360751,3718051866.6,3718051866.68,3711034351.0,0.0,internal_timestamp,27011,135888,1517.60546425,3.5888,3.27888,34.9230670725,1034.73992343,29,29,29,29,29,13,29,13,29,29,59.9462,-39.4737
3195,3711034801.0,4,377914,555361201,3718051866.6,3718051866.68,3711034801.0,0.0,internal_timestamp,27001,135904,1516.97902034,3.5904,3.27914,34.9247704046,1034.73821038,29,29,29,29,29,13,29,13,29,29,59.9462,-39.4737
3196,3711035251.0,4,377846,555361651,3718051866.6,3718051866.68,3711035251.0,0.0,internal_timestamp,27007,135841,1517.35488668,3.5841,3.27846,34.9231730586,1034.73951669,29,29,29,29,29,13,29,13,29,29,59.9462,-39.4737
3197,3711035701.0,4,377856,555362101,3718051866.6,3718051866.68,3711035701.0,0.0,internal_timestamp,26997,135850,1516.72844278,3.585,3.27856,34.9237182963,1034.73699021,29,29,29,29,29,13,29,13,29,29,59.9462,-39.4737
3198,3711036151.0,4,377911,555362551,3718051866.61,3718051866.69,3711036151.0,0.0,internal_timestamp,27006,135902,1517.29224229,3.5902,3.27911,34.9244710415,1034.73941843,29,29,29,29,29,13,29,13,29,29,59.9462,-39.4737
3199,3711036601.0,4,377941,555363001,3718051866.61,3718051866.69,3711036601.0,0.0,internal_timestamp,27003,135932,1517.10430912,3.5932,3.27941,34.9249534823,1034.73853739,29,29,29,29,29,13,29,13,29,29,59.9462,-39.4737
3200,3711037051.0,4,377956,555363451,3718051866.61,3718051866.69,3711037051.0,0.0,internal_timestamp,27000,135949,1516.91637595,3.5949,3.27956,34.9250298891,1034.73751541,29,29,29,29,29,13,29,13,29,29,59.9462,-39.4737
3201,3711037501.0,4,377969,555363901,3718051866.61,3718051866.69,3711037501.0,0.0,internal_timestamp,26999,135961,1516.85373156,3.5961,3.27969,34.9253351655,1034.73730775,29,29,29,29,29,13,29,13,29,29,59.9462,-39.4737
3202,3711037951.0,4,377978,555364351,3718051866.61,3718051866.69,3711037951.0,0.0,internal_timestamp,27004,135966,1517.16695351,3.5966,3.27978,34.9257195466,1034.73895673,29,29,29,29,29,13,29,13,29,29,59.9462,-39.4737
3203,3711038401.0,4,377855,555364801,3718051866.61,3718051866.69,3711038401.0,0.0,internal_timestamp,27009,135853,1517.48017547,3.5853,3.27855,34.9229113148,1034.73971345,29,29,29,29,29,13,29,13,29,29,59.9462,-39.4737
3204,3711038851.0,4,377891,555365251,3718051866.61,3718051866.69,3711038851.0,0.0,internal_timestamp,27010,135889,1517.54281986,3.5889,3.27891,34.9233482057,1034.73984731,29,29,29,29,29,13,29,13,29,29,59.9462,-39.4737
3205,3711039301.0,4,377811,555365701,3718051866.61,3718051866.69,3711039301.0,0.0,internal_timestamp,27001,135821,1516.97902034,3.5821,3.27811,34.9213196479,1034.73663612,29,29,29,29,29,13,29,13,29,29,59.9462,-39.4737
3206,3711039751.0,4,377808,555366151,3718051866.61,3718051866.69,3711039751.0,0.0,internal_timestamp,27005,135818,1517.2295979,3.5818,3.27808,34.921156764,1034.73768186,29,29,29,29,29,13,29,13,29,29,59.9462,-39.4737
3207,3711040201.0,4,377808,555366601,3718051866.61,3718051866.69,3711040201.0,0.0,internal_timestamp,27003,135824,1517.10430912,3.5824,3.27808,34.92058508,1034.73658474,29,29,29,29,29,13,29,13,29,29,59.9462,-39.4737
3208,3711040651.0,4,377813,555367051,3718051866.61,3718051866.7,3711040651.0,0.0,internal_timestamp,26997,135827,1516.72844278,3.5827,3.27813,34.9210471118,1034.73520756,29,29,29,29,29,13,29,13,29,29,59.9462,-39.4737
3209,3711041101.0,4,377824,555367501,3718051866.61,3718051866.7,3711041101.0,0.0,internal_timestamp,27002,135836,1517.04166473,3.5836,3.27824,34.9212465633,1034.73665688,29,29,29,29,29,13,29,13,29,29,59.9462,-39.4737
3210,3711041551.0,4,377824,555367951,3718051866.61,3718051866.7,3711041551.0,0.0,internal_timestamp,26997,135841,1516.72844278,3.5841,3.27824,34.9208733822,1034.73487982,29,29,29,29,29,13,29,13,29,29,59.9462,-39.4737
3211,3711042001.0,4,377823,555368401,3718051866.61,3718051866.7,3711042001.0,0.0,internal_timestamp,27000,135834,1516.91637595,3.5834,3.27823,34.9214010873,1034.73623922,29,29,29,29,29,13,29,13,29,29,59.9462,-39.4737
3212,3711042451.0,4,377811,555368851,3718051866.61,3718051866.7,3711042451.0,0.0,internal_timestamp,26999,135824,1516.85373156,3.5824,3.27811,34.9210647688,1034.73582872,29,29,29,29,29,13,29,13,29,29,59.9462,-39.4737
3213,3711042901.0,4,377792,555369301,3718051866.61,3718051866.7,3711042901.0,0.0,internal_timestamp,27007,135801,1517.35488668,3.5801,3.27792,34.9209922835,1034.73835137,29,29,29,29,29,13,29,13,29,29,59.9462,-39.4737
3214,3711043351.0,4,377792,555369751,3718051866.61,3718051866.69,3711043351.0,0.0,internal_timestamp,27001,135797,1516.97902034,3.5797,3.27792,34.9216005135,1034.73718459,29,29,29,29,29,13,29,13,29,29,59.9462,-39.4737
3215,3711043801.0,4,377860,555370201,3718051866.61,3718051866.69,3711043801.0,0.0,internal_timestamp,26999,135856,1516.85373156,3.5856,3.2786,34.9234971446,1034.73730087,29,29,29,29,29,13,29,13,29,29,59.9462,-39.4737
3216,3711044251.0,4,377896,555370651,3718051866.61,3718051866.69,3711044251.0,0.0,internal_timestamp,26996,135887,1516.66579839,3.5887,3.27896,34.924585818,1034.73688226,29,29,29,29,29,13,29,13,29,29,59.9462,-39.4737
3217,3711044701.0,4,377987,555371101,3718051866.61,3718051866.69,3711044701.0,0.0,internal_timestamp,27002,135969,1517.04166473,3.5969,3.27987,34.9265317888,1034.73898705,29,29,29,29,29,13,29,13,29,29,59.9462,-39.4737
3218,3711045151.0,4,377936,555371551,3718051866.61,3718051866.69,3711045151.0,0.0,internal_timestamp,27009,135915,1517.48017547,3.5915,3.27936,34.9259699966,1034.74126676,29,29,29,29,29,13,29,13,29,29,59.9462,-39.4737
3219,3711045601.0,4,377995,555372001,3718051866.61,3718051866.7,3711045601.0,0.0,internal_timestamp,27011,135968,1517.60546425,3.5968,3.27995,34.9273073235,1034.7421577,29,29,29,29,29,13,29,13,29,29,59.9462,-39.4737
3220,3711046051.0,4,377983,555372451,3718051866.61,3718051866.7,3711046051.0,0.0,internal_timestamp,27006,135956,1517.29224229,3.5956,3.27983,34.9273064332,1034.74090557,29,29,29,29,29,13,29,13,29,29,59.9462,-39.4737
3221,3711046501.0,4,377970,555372901,3718051866.61,3718051866.69,3711046501.0,0.0,internal_timestamp,27003,135946,1517.10430912,3.5946,3.2797,34.9269138401,1034.7398848,29,29,29,29,29,13,29,13,29,29,59.9462,-39.4737
3222,3711046951.0,4,377967,555373351,3718051866.61,3718051866.69,3711046951.0,0.0,internal_timestamp,27000,135945,1516.91637595,3.5945,3.27967,34.9267565891,1034.73892564,29,29,29,29,29,13,29,13,29,29,59.9462,-39.4737
3223,3711047401.0,4,377970,555373801,3718051866.61,3718051866.69,3711047401.0,0.0,internal_timestamp,27001,135945,1516.97902034,3.5945,3.2797,34.9270813564,1034.73946372,29,29,29,29,29,13,29,13,29,29,59.9462,-39.4737
3224,3711047851.0,4,377948,555374251,3718051866.61,3718051866.69,3711047851.0,0.0,internal_timestamp,27003,135920,1517.10430912,3.592,3.27948,34.9270507428,1034.74034796,29,29,29,29,29,13,29,13,29,29,59.9462,-39.4737
3225,3711048301.0,4,377903,555374701,3718051866.61,3718051866.69,3711048301.0,0.0,internal_timestamp,26998,135883,1516.79108717,3.5883,3.27903,34.9257764648,1034.73843795,29,29,29,29,29,13,29,13,29,29,59.9462,-39.4737
3226,3711048751.0,4,377881,555375151,3718051866.61,3718051866.7,3711048751.0,0.0,internal_timestamp,27009,135867,1517.48017547,3.5867,3.27881,34.924516453,1034.74078214,29,29,29,29,29,13,29,13,29,29,59.9462,-39.4737
3227,3711049201.0,4,377872,555375601,3718051866.61,3718051866.7,3711049201.0,0.0,internal_timestamp,27012,135853,1517.66810864,3.5853,3.27872,34.9248346566,1034.7420728,29,29,29,29,29,13,29,13,29,29,59.9462,-39.4737
3228,3711049651.0,4,377883,555376051,3718051866.61,3718051866.7,3711049651.0,0.0,internal_timestamp,27001,135877,1516.97902034,3.5877,3.27883,34.9239453094,1034.73793187,29,29,29,29,29,13,29,13,29,29,59.9462,-39.4737
3229,3711050101.0,4,377870,555376501,3718051866.61,3718051866.7,3711050101.0,0.0,internal_timestamp,26999,135863,1516.85373156,3.5863,3.2787,34.9239439179,1034.73755591,29,29,29,29,29,13,29,13,29,29,59.9462,-39.4737
3230,3711050551.0,4,377815,555376951,3718051866.61,3718051866.69,3711050551.0,0.0,internal_timestamp,26999,135811,1516.85373156,3.5811,3.27815,34.9229121057,1034.73745665,29,29,29,29,29,13,29,13,29,29,59.9462,-39.4737
3231,3711051001.0,4,377791,555377401,3718051866.61,3718051866.69,3711051001.0,0.0,internal_timestamp,27002,135791,1517.04166473,3.5791,3.27791,34.922084586,1034.73792976,29,29,29,29,29,13,29,13,29,29,59.9462,-39.4737
3232,3711051451.0,4,377854,555377851,3718051866.61,3718051866.69,3711051451.0,0.0,internal_timestamp,27015,135841,1517.85604181,3.5841,3.27854,34.9238741922,1034.74233229,29,29,29,29,29,13,29,13,29,29,59.9462,-39.4737
3233,3711051901.0,4,377761,555378301,3718051866.61,3718051866.69,3711051901.0,0.0,internal_timestamp,27003,135760,1517.10430912,3.576,3.27761,34.9217688656,1034.73838859,29,29,29,29,29,13,29,13,29,29,59.9462,-39.4737
3234,3711052351.0,4,377881,555378751,3718051866.61,3718051866.69,3711052351.0,0.0,internal_timestamp,27000,135874,1516.91637595,3.5874,3.27881,34.9240558884,1034.73777656,29,29,29,29,29,13,29,13,29,29,59.9462,-39.4737
